{"stats":{"minecraft:dropped":{"minecraft:raw_iron":3,"minecraft:cobblestone":18,"minecraft:rotten_flesh":1,"minecraft:oak_planks":2,"minecraft:copper_ingot":1,"minecraft:coal":8,"minecraft:stick":2,"minecraft:charcoal":1,"minecraft:iron_pickaxe":1},"minecraft:picked_up":{"minecraft:charcoal":3,"minecraft:crafting_table":3,"minecraft:oak_log":45,"minecraft:dirt":215,"minecraft:raw_copper":1,"minecraft:polished_granite":36,"minecraft:apple":1,"minecraft:stone_pickaxe":1,"minecraft:cooked_chicken":50,"minecraft:furnace":2,"minecraft:raw_iron":29,"minecraft:sweet_berries":18,"minecraft:torch":24,"minecraft:spruce_sapling":1,"minecraft:rotten_flesh":1,"minecraft:stone_axe":2,"minecraft:granite":176,"minecraft:oak_sapling":7,"minecraft:coal":63,"minecraft:cobblestone":847},"minecraft:mined":{"minecraft:oak_sapling":1,"minecraft:polished_granite":36,"minecraft:crafting_table":3,"minecraft:torch":2,"minecraft:granite":177,"minecraft:grass_block":118,"minecraft:cobblestone":25,"minecraft:spruce_leaves":6,"minecraft:wall_torch":6,"minecraft:furnace":2,"minecraft:iron_ore":26,"minecraft:sweet_berry_bush":7,"minecraft:coal_ore":54,"minecraft:oak_log":47,"minecraft:dirt_path":3,"minecraft:dirt":95,"minecraft:stone":797,"minecraft:oak_leaves":23},"minecraft:crafted":{"minecraft:oak_door":6,"minecraft:oak_planks":68,"minecraft:stone_shovel":2,"minecraft:crafting_table":1,"minecraft:iron_helmet":1,"minecraft:wooden_pickaxe":1,"minecraft:cooked_chicken":9,"minecraft:furnace":1,"minecraft:polished_granite":176,"minecraft:copper_ingot":1,"minecraft:iron_chestplate":1,"minecraft:charcoal":1,"minecraft:stick":32,"minecraft:iron_ingot":29,"minecraft:iron_pickaxe":3,"minecraft:stone_pickaxe":5,"minecraft:chest":1,"minecraft:iron_leggings":1,"minecraft:torch":32},"minecraft:broken":{"minecraft:stone_pickaxe":4,"minecraft:iron_pickaxe":1,"minecraft:stone_shovel":1},"minecraft:custom":{"minecraft:interact_with_furnace":20,"minecraft:interact_with_crafting_table":19,"minecraft:leave_game":2,"minecraft:time_since_death":73411,"minecraft:time_since_rest":73455,"minecraft:sprint_one_cm":126007,"minecraft:damage_taken":1050,"minecraft:walk_one_cm":253253,"minecraft:drop":10,"minecraft:damage_dealt":179,"minecraft:fly_one_cm":50216,"minecraft:player_kills":1,"minecraft:crouch_one_cm":1675,"minecraft:play_time":111345,"minecraft:deaths":2,"minecraft:sneak_time":3272,"minecraft:walk_under_water_one_cm":336,"minecraft:jump":1055,"minecraft:walk_on_water_one_cm":4028,"minecraft:total_world_time":111345,"minecraft:fall_one_cm":18694},"minecraft:used":{"minecraft:stone_shovel":212,"minecraft:stone_pickaxe":636,"minecraft:oak_planks":10,"minecraft:chest":1,"minecraft:wooden_pickaxe":32,"minecraft:cooked_chicken":6,"minecraft:iron_chestplate":1,"minecraft:oak_door":6,"minecraft:torch":27,"minecraft:dirt":7,"minecraft:crafting_table":4,"minecraft:oak_log":2,"minecraft:apple":1,"minecraft:iron_pickaxe":465,"minecraft:polished_granite":206,"minecraft:spruce_sapling":1,"minecraft:stone_axe":48,"minecraft:cobblestone":210,"minecraft:sweet_berries":18,"minecraft:furnace":3},"minecraft:killed_by":{"minecraft:player":1,"minecraft:zombie":1}},"DataVersion":3953}