{"stats":{"minecraft:dropped":{"minecraft:raw_iron":3,"minecraft:cobblestone":18,"minecraft:rotten_flesh":1,"minecraft:oak_planks":2,"minecraft:copper_ingot":1,"minecraft:coal":8,"minecraft:stick":2,"minecraft:charcoal":1,"minecraft:iron_pickaxe":1},"minecraft:picked_up":{"minecraft:charcoal":3,"minecraft:crafting_table":3,"minecraft:oak_log":38,"minecraft:dirt":9,"minecraft:raw_copper":1,"minecraft:polished_granite":14,"minecraft:apple":1,"minecraft:stone_pickaxe":1,"minecraft:cooked_chicken":50,"minecraft:furnace":2,"minecraft:raw_iron":29,"minecraft:sweet_berries":18,"minecraft:torch":23,"minecraft:spruce_sapling":1,"minecraft:rotten_flesh":1,"minecraft:stone_axe":2,"minecraft:granite":176,"minecraft:oak_sapling":6,"minecraft:coal":63,"minecraft:cobblestone":421},"minecraft:mined":{"minecraft:polished_granite":14,"minecraft:crafting_table":3,"minecraft:torch":2,"minecraft:granite":177,"minecraft:grass_block":1,"minecraft:cobblestone":19,"minecraft:spruce_leaves":6,"minecraft:wall_torch":6,"minecraft:furnace":2,"minecraft:iron_ore":26,"minecraft:sweet_berry_bush":7,"minecraft:coal_ore":54,"minecraft:oak_log":39,"minecraft:dirt":4,"minecraft:stone":378,"minecraft:oak_leaves":16},"minecraft:crafted":{"minecraft:oak_planks":44,"minecraft:crafting_table":1,"minecraft:wooden_pickaxe":1,"minecraft:cooked_chicken":9,"minecraft:furnace":1,"minecraft:polished_granite":176,"minecraft:copper_ingot":1,"minecraft:charcoal":1,"minecraft:stick":24,"minecraft:iron_ingot":16,"minecraft:iron_pickaxe":1,"minecraft:stone_pickaxe":5,"minecraft:torch":32},"minecraft:broken":{"minecraft:stone_pickaxe":4},"minecraft:custom":{"minecraft:interact_with_furnace":17,"minecraft:interact_with_crafting_table":10,"minecraft:leave_game":1,"minecraft:time_since_death":42963,"minecraft:time_since_rest":43007,"minecraft:sprint_one_cm":98294,"minecraft:damage_taken":920,"minecraft:walk_one_cm":165624,"minecraft:drop":10,"minecraft:damage_dealt":179,"minecraft:fly_one_cm":43565,"minecraft:player_kills":1,"minecraft:crouch_one_cm":1523,"minecraft:play_time":80897,"minecraft:deaths":2,"minecraft:sneak_time":3178,"minecraft:walk_under_water_one_cm":336,"minecraft:jump":898,"minecraft:walk_on_water_one_cm":4028,"minecraft:total_world_time":80897,"minecraft:fall_one_cm":14046},"minecraft:used":{"minecraft:stone_pickaxe":636,"minecraft:oak_planks":10,"minecraft:wooden_pickaxe":32,"minecraft:cooked_chicken":4,"minecraft:torch":27,"minecraft:dirt":5,"minecraft:crafting_table":4,"minecraft:oak_log":2,"minecraft:apple":1,"minecraft:iron_pickaxe":17,"minecraft:polished_granite":78,"minecraft:spruce_sapling":1,"minecraft:stone_axe":39,"minecraft:cobblestone":99,"minecraft:sweet_berries":18,"minecraft:furnace":3},"minecraft:killed_by":{"minecraft:player":1,"minecraft:zombie":1}},"DataVersion":3953}