{"stats":{"minecraft:picked_up":{"minecraft:sweet_berries":18,"minecraft:torch":3,"minecraft:oak_log":26,"minecraft:spruce_sapling":1,"minecraft:dirt":1,"minecraft:apple":1,"minecraft:stone_axe":1,"minecraft:coal":17,"minecraft:cobblestone":46},"minecraft:mined":{"minecraft:sweet_berry_bush":7,"minecraft:torch":1,"minecraft:oak_log":27,"minecraft:grass_block":1,"minecraft:coal_ore":17,"minecraft:spruce_leaves":6,"minecraft:stone":44,"minecraft:oak_leaves":14,"minecraft:wall_torch":2},"minecraft:used":{"minecraft:apple":1,"minecraft:stone_pickaxe":52,"minecraft:oak_planks":6,"minecraft:wooden_pickaxe":15,"minecraft:spruce_sapling":1,"minecraft:stone_axe":24,"minecraft:torch":7,"minecraft:dirt":1,"minecraft:sweet_berries":18,"minecraft:crafting_table":1,"minecraft:furnace":1},"minecraft:custom":{"minecraft:time_since_rest":26903,"minecraft:interact_with_furnace":2,"minecraft:sprint_one_cm":38680,"minecraft:damage_taken":420,"minecraft:walk_one_cm":39140,"minecraft:damage_dealt":29,"minecraft:interact_with_crafting_table":4,"minecraft:fly_one_cm":19468,"minecraft:crouch_one_cm":500,"minecraft:play_time":26903,"minecraft:sneak_time":1524,"minecraft:walk_under_water_one_cm":336,"minecraft:jump":361,"minecraft:leave_game":1,"minecraft:walk_on_water_one_cm":3567,"minecraft:time_since_death":26903,"minecraft:total_world_time":26903,"minecraft:fall_one_cm":7284},"minecraft:crafted":{"minecraft:oak_planks":28,"minecraft:crafting_table":1,"minecraft:stick":12,"minecraft:wooden_pickaxe":1,"minecraft:stone_pickaxe":1,"minecraft:furnace":1,"minecraft:torch":32}},"DataVersion":3953}