{"stats":{"minecraft:dropped":{"minecraft:charcoal":1,"minecraft:raw_iron":3,"minecraft:rotten_flesh":1,"minecraft:cobblestone":18,"minecraft:oak_planks":2,"minecraft:iron_pickaxe":1,"minecraft:copper_ingot":1,"minecraft:coal":8,"minecraft:stick":2},"minecraft:picked_up":{"minecraft:charcoal":2,"minecraft:raw_iron":16,"minecraft:crafting_table":1,"minecraft:sweet_berries":18,"minecraft:torch":20,"minecraft:oak_log":38,"minecraft:spruce_sapling":1,"minecraft:dirt":9,"minecraft:raw_copper":1,"minecraft:rotten_flesh":1,"minecraft:apple":1,"minecraft:stone_axe":2,"minecraft:granite":64,"minecraft:cooked_chicken":1,"minecraft:stone_pickaxe":1,"minecraft:oak_sapling":6,"minecraft:coal":63,"minecraft:cobblestone":365,"minecraft:furnace":1},"minecraft:mined":{"minecraft:furnace":1,"minecraft:iron_ore":13,"minecraft:sweet_berry_bush":7,"minecraft:crafting_table":1,"minecraft:torch":1,"minecraft:granite":64,"minecraft:oak_log":39,"minecraft:grass_block":1,"minecraft:coal_ore":54,"minecraft:dirt":4,"minecraft:cobblestone":14,"minecraft:spruce_leaves":6,"minecraft:stone":328,"minecraft:oak_leaves":16,"minecraft:wall_torch":4},"minecraft:crafted":{"minecraft:oak_planks":40,"minecraft:charcoal":1,"minecraft:crafting_table":1,"minecraft:cooked_chicken":9,"minecraft:stick":24,"minecraft:iron_pickaxe":1,"minecraft:iron_ingot":3,"minecraft:wooden_pickaxe":1,"minecraft:stone_pickaxe":5,"minecraft:furnace":1,"minecraft:polished_granite":64,"minecraft:copper_ingot":1,"minecraft:torch":32},"minecraft:broken":{"minecraft:stone_pickaxe":3},"minecraft:custom":{"minecraft:time_since_rest":31007,"minecraft:interact_with_furnace":14,"minecraft:sprint_one_cm":88136,"minecraft:damage_taken":900,"minecraft:walk_one_cm":132271,"minecraft:drop":10,"minecraft:damage_dealt":179,"minecraft:player_kills":1,"minecraft:interact_with_crafting_table":8,"minecraft:fly_one_cm":40205,"minecraft:crouch_one_cm":1523,"minecraft:play_time":68897,"minecraft:deaths":2,"minecraft:sneak_time":3178,"minecraft:walk_under_water_one_cm":336,"minecraft:jump":813,"minecraft:leave_game":1,"minecraft:walk_on_water_one_cm":4028,"minecraft:time_since_death":30963,"minecraft:total_world_time":68897,"minecraft:fall_one_cm":12624},"minecraft:used":{"minecraft:oak_log":2,"minecraft:apple":1,"minecraft:stone_pickaxe":439,"minecraft:iron_pickaxe":17,"minecraft:oak_planks":10,"minecraft:wooden_pickaxe":32,"minecraft:spruce_sapling":1,"minecraft:cooked_chicken":4,"minecraft:stone_axe":37,"minecraft:torch":24,"minecraft:dirt":5,"minecraft:cobblestone":65,"minecraft:sweet_berries":18,"minecraft:crafting_table":2,"minecraft:furnace":2},"minecraft:killed_by":{"minecraft:player":1,"minecraft:zombie":1}},"DataVersion":3953}