{"stats":{"minecraft:dropped":{"minecraft:oak_planks":2,"minecraft:copper_ingot":1,"minecraft:coal":8},"minecraft:picked_up":{"minecraft:raw_iron":3,"minecraft:crafting_table":1,"minecraft:sweet_berries":18,"minecraft:torch":4,"minecraft:oak_log":27,"minecraft:spruce_sapling":1,"minecraft:dirt":9,"minecraft:raw_copper":1,"minecraft:rotten_flesh":1,"minecraft:apple":1,"minecraft:stone_axe":1,"minecraft:coal":26,"minecraft:cobblestone":150,"minecraft:furnace":1},"minecraft:mined":{"minecraft:furnace":1,"minecraft:sweet_berry_bush":7,"minecraft:crafting_table":1,"minecraft:torch":1,"minecraft:oak_log":28,"minecraft:grass_block":1,"minecraft:coal_ore":17,"minecraft:dirt":4,"minecraft:cobblestone":13,"minecraft:spruce_leaves":6,"minecraft:stone":123,"minecraft:oak_leaves":14,"minecraft:wall_torch":3},"minecraft:crafted":{"minecraft:oak_planks":32,"minecraft:charcoal":1,"minecraft:crafting_table":1,"minecraft:stick":16,"minecraft:iron_pickaxe":1,"minecraft:iron_ingot":3,"minecraft:wooden_pickaxe":1,"minecraft:stone_pickaxe":1,"minecraft:furnace":1,"minecraft:copper_ingot":1,"minecraft:torch":32},"minecraft:custom":{"minecraft:time_since_rest":7007,"minecraft:interact_with_furnace":11,"minecraft:sprint_one_cm":58493,"minecraft:damage_taken":690,"minecraft:walk_one_cm":75842,"minecraft:drop":3,"minecraft:damage_dealt":109,"minecraft:interact_with_crafting_table":6,"minecraft:fly_one_cm":29459,"minecraft:crouch_one_cm":1157,"minecraft:play_time":44897,"minecraft:deaths":2,"minecraft:sneak_time":2366,"minecraft:walk_under_water_one_cm":336,"minecraft:jump":528,"minecraft:leave_game":1,"minecraft:walk_on_water_one_cm":4028,"minecraft:time_since_death":6963,"minecraft:total_world_time":44897,"minecraft:fall_one_cm":7762},"minecraft:used":{"minecraft:apple":1,"minecraft:stone_pickaxe":118,"minecraft:iron_pickaxe":17,"minecraft:oak_planks":6,"minecraft:wooden_pickaxe":32,"minecraft:spruce_sapling":1,"minecraft:stone_axe":24,"minecraft:torch":9,"minecraft:dirt":5,"minecraft:cobblestone":27,"minecraft:sweet_berries":18,"minecraft:crafting_table":2,"minecraft:furnace":2},"minecraft:killed_by":{"minecraft:player":1,"minecraft:zombie":1}},"DataVersion":3953}