{"stats":{"minecraft:dropped":{"minecraft:charcoal":1,"minecraft:raw_iron":3,"minecraft:rotten_flesh":1,"minecraft:cobblestone":18,"minecraft:oak_planks":2,"minecraft:iron_pickaxe":1,"minecraft:copper_ingot":1,"minecraft:coal":8,"minecraft:stick":2},"minecraft:picked_up":{"minecraft:charcoal":2,"minecraft:raw_iron":3,"minecraft:crafting_table":1,"minecraft:sweet_berries":18,"minecraft:torch":19,"minecraft:oak_log":38,"minecraft:spruce_sapling":1,"minecraft:dirt":9,"minecraft:raw_copper":1,"minecraft:rotten_flesh":1,"minecraft:apple":1,"minecraft:stone_axe":2,"minecraft:cooked_chicken":1,"minecraft:stone_pickaxe":1,"minecraft:oak_sapling":6,"minecraft:coal":26,"minecraft:cobblestone":211,"minecraft:furnace":1},"minecraft:mined":{"minecraft:furnace":1,"minecraft:sweet_berry_bush":7,"minecraft:crafting_table":1,"minecraft:torch":1,"minecraft:oak_log":39,"minecraft:grass_block":1,"minecraft:coal_ore":17,"minecraft:dirt":4,"minecraft:cobblestone":14,"minecraft:spruce_leaves":6,"minecraft:stone":169,"minecraft:oak_leaves":16,"minecraft:wall_torch":3},"minecraft:crafted":{"minecraft:oak_planks":40,"minecraft:charcoal":1,"minecraft:crafting_table":1,"minecraft:cooked_chicken":9,"minecraft:stick":24,"minecraft:iron_pickaxe":1,"minecraft:iron_ingot":3,"minecraft:wooden_pickaxe":1,"minecraft:stone_pickaxe":5,"minecraft:furnace":1,"minecraft:copper_ingot":1,"minecraft:torch":32},"minecraft:broken":{"minecraft:stone_pickaxe":1},"minecraft:custom":{"minecraft:time_since_rest":19007,"minecraft:interact_with_furnace":13,"minecraft:sprint_one_cm":69594,"minecraft:damage_taken":900,"minecraft:walk_one_cm":103601,"minecraft:drop":10,"minecraft:damage_dealt":179,"minecraft:player_kills":1,"minecraft:interact_with_crafting_table":7,"minecraft:fly_one_cm":33124,"minecraft:crouch_one_cm":1512,"minecraft:play_time":56897,"minecraft:deaths":2,"minecraft:sneak_time":3151,"minecraft:walk_under_water_one_cm":336,"minecraft:jump":698,"minecraft:leave_game":1,"minecraft:walk_on_water_one_cm":4028,"minecraft:time_since_death":18963,"minecraft:total_world_time":56897,"minecraft:fall_one_cm":11608},"minecraft:used":{"minecraft:oak_log":2,"minecraft:apple":1,"minecraft:stone_pickaxe":166,"minecraft:iron_pickaxe":17,"minecraft:oak_planks":6,"minecraft:wooden_pickaxe":32,"minecraft:spruce_sapling":1,"minecraft:cooked_chicken":2,"minecraft:stone_axe":37,"minecraft:torch":11,"minecraft:dirt":5,"minecraft:cobblestone":58,"minecraft:sweet_berries":18,"minecraft:crafting_table":2,"minecraft:furnace":2},"minecraft:killed_by":{"minecraft:player":1,"minecraft:zombie":1}},"DataVersion":3953}