{"stats":{"minecraft:picked_up":{"minecraft:stick":7,"minecraft:raw_iron":8,"minecraft:oak_log":35,"minecraft:dirt":2,"minecraft:raw_copper":1,"minecraft:apple":1,"minecraft:oak_sapling":5,"minecraft:coal":1,"minecraft:cobblestone":16},"minecraft:dropped":{"minecraft:stone_axe":1,"minecraft:apple":1},"minecraft:used":{"minecraft:stone_pickaxe":21,"minecraft:wooden_pickaxe":3,"minecraft:stone_axe":39,"minecraft:torch":2,"minecraft:dirt":1,"minecraft:crafting_table":1,"minecraft:oak_sapling":1},"minecraft:mined":{"minecraft:iron_ore":8,"minecraft:torch":1,"minecraft:glow_lichen":1,"minecraft:coal_ore":1,"minecraft:grass_block":2,"minecraft:oak_log":36,"minecraft:stone":14,"minecraft:oak_leaves":8},"minecraft:custom":{"minecraft:time_since_rest":29536,"minecraft:sprint_one_cm":24549,"minecraft:walk_one_cm":41405,"minecraft:damage_taken":165,"minecraft:drop":2,"minecraft:damage_dealt":177,"minecraft:interact_with_crafting_table":5,"minecraft:fly_one_cm":11120,"minecraft:crouch_one_cm":133,"minecraft:play_time":29536,"minecraft:sneak_time":437,"minecraft:walk_under_water_one_cm":30,"minecraft:jump":243,"minecraft:leave_game":8,"minecraft:time_since_death":29536,"minecraft:walk_on_water_one_cm":3089,"minecraft:total_world_time":29536,"minecraft:fall_one_cm":4482},"minecraft:crafted":{"minecraft:oak_planks":24,"minecraft:crafting_table":1,"minecraft:stick":12,"minecraft:wooden_pickaxe":1,"minecraft:stone_pickaxe":1,"minecraft:torch":4,"minecraft:stone_axe":2}},"DataVersion":3953}