{"stats":{"minecraft:dropped":{"minecraft:stone_axe":1,"minecraft:raw_copper":1,"minecraft:raw_iron":3,"minecraft:apple":1,"minecraft:coal":1},"minecraft:picked_up":{"minecraft:charcoal":1,"minecraft:stick":27,"minecraft:raw_iron":27,"minecraft:copper_ingot":1,"minecraft:torch":32,"minecraft:wooden_pickaxe":3,"minecraft:oak_log":91,"minecraft:dirt":9,"minecraft:raw_copper":3,"minecraft:rotten_flesh":2,"minecraft:apple":2,"minecraft:stone_axe":2,"minecraft:stone_pickaxe":3,"minecraft:iron_pickaxe":1,"minecraft:oak_sapling":18,"minecraft:oak_planks":42,"minecraft:coal":10,"minecraft:cobblestone":204},"minecraft:mined":{"minecraft:iron_ore":8,"minecraft:glow_lichen":1,"minecraft:torch":1,"minecraft:coal_ore":1,"minecraft:oak_log":40,"minecraft:grass_block":3,"minecraft:cobblestone":8,"minecraft:stone":74,"minecraft:oak_planks":3,"minecraft:oak_leaves":12,"minecraft:wall_torch":1},"minecraft:killed":{"minecraft:zombie":1},"minecraft:crafted":{"minecraft:oak_planks":28,"minecraft:charcoal":1,"minecraft:crafting_table":2,"minecraft:stick":12,"minecraft:wooden_pickaxe":1,"minecraft:stone_pickaxe":1,"minecraft:furnace":1,"minecraft:torch":4,"minecraft:stone_axe":3,"minecraft:air":0},"minecraft:custom":{"minecraft:time_since_rest":11424,"minecraft:interact_with_furnace":6,"minecraft:sprint_one_cm":75212,"minecraft:damage_taken":670,"minecraft:walk_one_cm":79177,"minecraft:mob_kills":1,"minecraft:drop":7,"minecraft:damage_dealt":475,"minecraft:player_kills":1,"minecraft:swim_one_cm":1650,"minecraft:interact_with_crafting_table":8,"minecraft:fly_one_cm":38384,"minecraft:crouch_one_cm":841,"minecraft:play_time":50169,"minecraft:deaths":2,"minecraft:sneak_time":732,"minecraft:walk_under_water_one_cm":576,"minecraft:jump":572,"minecraft:leave_game":9,"minecraft:walk_on_water_one_cm":7342,"minecraft:time_since_death":11391,"minecraft:total_world_time":50169,"minecraft:fall_one_cm":11555},"minecraft:used":{"minecraft:apple":1,"minecraft:stone_pickaxe":93,"minecraft:wooden_pickaxe":3,"minecraft:stone_axe":54,"minecraft:torch":3,"minecraft:dirt":3,"minecraft:crafting_table":2,"minecraft:oak_sapling":1},"minecraft:killed_by":{"minecraft:skeleton":1,"minecraft:zombie":1}},"DataVersion":3953}