{"stats":{"minecraft:dropped":{"minecraft:stone_axe":2,"minecraft:torch":15,"minecraft:raw_copper":1,"minecraft:raw_iron":3,"minecraft:apple":1,"minecraft:stone_pickaxe":1,"minecraft:coal":1},"minecraft:picked_up":{"minecraft:charcoal":1,"minecraft:stick":37,"minecraft:raw_iron":32,"minecraft:copper_ingot":2,"minecraft:torch":46,"minecraft:wooden_pickaxe":5,"minecraft:oak_log":108,"minecraft:dirt":13,"minecraft:raw_copper":3,"minecraft:rotten_flesh":4,"minecraft:apple":2,"minecraft:stone_axe":3,"minecraft:stone_pickaxe":4,"minecraft:iron_pickaxe":2,"minecraft:oak_sapling":18,"minecraft:oak_planks":65,"minecraft:coal":10,"minecraft:cobblestone":429,"minecraft:furnace":1},"minecraft:mined":{"minecraft:iron_ore":8,"minecraft:glow_lichen":1,"minecraft:torch":1,"minecraft:coal_ore":1,"minecraft:oak_log":40,"minecraft:grass_block":3,"minecraft:cobblestone":13,"minecraft:stone":101,"minecraft:oak_planks":3,"minecraft:oak_leaves":12,"minecraft:wall_torch":1},"minecraft:killed":{"minecraft:zombie":1},"minecraft:crafted":{"minecraft:oak_planks":28,"minecraft:charcoal":1,"minecraft:crafting_table":2,"minecraft:stick":12,"minecraft:cooked_chicken":6,"minecraft:wooden_pickaxe":1,"minecraft:stone_pickaxe":1,"minecraft:furnace":1,"minecraft:torch":4,"minecraft:stone_axe":3,"minecraft:air":0},"minecraft:custom":{"minecraft:time_since_rest":1369,"minecraft:interact_with_furnace":11,"minecraft:sprint_one_cm":76113,"minecraft:damage_taken":735,"minecraft:walk_one_cm":96420,"minecraft:mob_kills":1,"minecraft:drop":10,"minecraft:damage_dealt":475,"minecraft:player_kills":1,"minecraft:swim_one_cm":1650,"minecraft:interact_with_crafting_table":8,"minecraft:fly_one_cm":39270,"minecraft:crouch_one_cm":841,"minecraft:play_time":58068,"minecraft:deaths":3,"minecraft:sneak_time":745,"minecraft:walk_under_water_one_cm":576,"minecraft:jump":609,"minecraft:leave_game":10,"minecraft:walk_on_water_one_cm":7342,"minecraft:time_since_death":1323,"minecraft:total_world_time":58068,"minecraft:fall_one_cm":12821},"minecraft:used":{"minecraft:apple":1,"minecraft:stone_pickaxe":96,"minecraft:iron_pickaxe":29,"minecraft:wooden_pickaxe":3,"minecraft:cooked_chicken":1,"minecraft:stone_axe":54,"minecraft:torch":3,"minecraft:dirt":3,"minecraft:crafting_table":2,"minecraft:oak_sapling":1},"minecraft:killed_by":{"minecraft:player":1,"minecraft:skeleton":1,"minecraft:zombie":1}},"DataVersion":3953}