{"stats":{"minecraft:dropped":{"minecraft:stone_axe":1,"minecraft:apple":1},"minecraft:picked_up":{"minecraft:stick":17,"minecraft:raw_iron":16,"minecraft:torch":2,"minecraft:wooden_pickaxe":1,"minecraft:oak_log":72,"minecraft:dirt":5,"minecraft:raw_copper":2,"minecraft:apple":2,"minecraft:stone_pickaxe":1,"minecraft:oak_sapling":12,"minecraft:oak_planks":17,"minecraft:coal":1,"minecraft:cobblestone":23},"minecraft:mined":{"minecraft:iron_ore":8,"minecraft:glow_lichen":1,"minecraft:torch":1,"minecraft:coal_ore":1,"minecraft:oak_log":40,"minecraft:grass_block":3,"minecraft:stone":14,"minecraft:oak_planks":3,"minecraft:oak_leaves":12},"minecraft:crafted":{"minecraft:oak_planks":28,"minecraft:crafting_table":2,"minecraft:stick":12,"minecraft:wooden_pickaxe":1,"minecraft:stone_pickaxe":1,"minecraft:torch":4,"minecraft:stone_axe":3},"minecraft:custom":{"minecraft:time_since_rest":5038,"minecraft:sprint_one_cm":56891,"minecraft:damage_taken":460,"minecraft:walk_one_cm":55402,"minecraft:drop":2,"minecraft:damage_dealt":287,"minecraft:swim_one_cm":1650,"minecraft:interact_with_crafting_table":7,"minecraft:fly_one_cm":29742,"minecraft:crouch_one_cm":715,"minecraft:play_time":38169,"minecraft:deaths":1,"minecraft:sneak_time":646,"minecraft:walk_under_water_one_cm":576,"minecraft:jump":446,"minecraft:leave_game":9,"minecraft:walk_on_water_one_cm":6241,"minecraft:time_since_death":5012,"minecraft:total_world_time":38169,"minecraft:fall_one_cm":9552},"minecraft:used":{"minecraft:apple":1,"minecraft:stone_pickaxe":22,"minecraft:wooden_pickaxe":3,"minecraft:stone_axe":52,"minecraft:torch":2,"minecraft:dirt":3,"minecraft:crafting_table":2,"minecraft:oak_sapling":1},"minecraft:killed_by":{"minecraft:skeleton":1}},"DataVersion":3953}