{"stats":{"minecraft:picked_up":{"minecraft:stick":7,"minecraft:coarse_dirt":4,"minecraft:salmon":6,"minecraft:brown_mushroom":1,"minecraft:spruce_sapling":2,"minecraft:spruce_log":16,"minecraft:dirt":13,"minecraft:arrow":1,"minecraft:bone":2,"minecraft:wheat_seeds":2,"minecraft:cobblestone":61},"minecraft:custom":{"minecraft:time_since_rest":17014,"minecraft:interact_with_furnace":3,"minecraft:sprint_one_cm":24802,"minecraft:damage_taken":591,"minecraft:walk_one_cm":43341,"minecraft:mob_kills":7,"minecraft:damage_dealt":694,"minecraft:swim_one_cm":7496,"minecraft:interact_with_crafting_table":4,"minecraft:fly_one_cm":28950,"minecraft:player_kills":2,"minecraft:crouch_one_cm":878,"minecraft:play_time":55105,"minecraft:deaths":2,"minecraft:sneak_time":574,"minecraft:walk_under_water_one_cm":1749,"minecraft:jump":234,"minecraft:walk_on_water_one_cm":8087,"minecraft:leave_game":7,"minecraft:time_since_death":16986,"minecraft:total_world_time":55105,"minecraft:fall_one_cm":3439},"minecraft:used":{"minecraft:stone_pickaxe":50,"minecraft:wooden_pickaxe":24,"minecraft:spruce_sapling":1,"minecraft:stone_axe":17,"minecraft:torch":2,"minecraft:dirt":2,"minecraft:crafting_table":1,"minecraft:furnace":1,"minecraft:coarse_dirt":2},"minecraft:killed":{"minecraft:skeleton":1,"minecraft:salmon":6},"minecraft:crafted":{"minecraft:charcoal":5,"minecraft:crafting_table":1,"minecraft:spruce_planks":40,"minecraft:stick":4,"minecraft:wooden_pickaxe":1,"minecraft:stone_pickaxe":1,"minecraft:furnace":1,"minecraft:torch":8,"minecraft:stone_axe":1},"minecraft:mined":{"minecraft:large_fern":3,"minecraft:coarse_dirt":4,"minecraft:fire":37,"minecraft:spruce_log":17,"minecraft:dead_bush":1,"minecraft:dirt":13,"minecraft:spruce_leaves":24,"minecraft:stone":61,"minecraft:fern":3}},"DataVersion":3700}