{"stats":{"minecraft:custom":{"minecraft:jump":20,"minecraft:time_since_rest":2421,"minecraft:leave_game":1,"minecraft:crouch_one_cm":85,"minecraft:sprint_one_cm":3785,"minecraft:play_time":2421,"minecraft:time_since_death":2421,"minecraft:walk_one_cm":3568,"minecraft:sneak_time":9,"minecraft:total_world_time":2421,"minecraft:fall_one_cm":267,"minecraft:fly_one_cm":4894},"minecraft:mined":{"minecraft:oak_log":8},"minecraft:picked_up":{"minecraft:oak_log":7},"minecraft:crafted":{"minecraft:crafting_table":1,"minecraft:oak_planks":28,"minecraft:stick":8}},"DataVersion":3700}