{"stats":{"minecraft:custom":{"minecraft:jump":13,"minecraft:time_since_rest":344,"minecraft:leave_game":1,"minecraft:deaths":1,"minecraft:sprint_one_cm":8434,"minecraft:play_time":2514,"minecraft:damage_taken":240,"minecraft:time_since_death":310,"minecraft:walk_one_cm":8625,"minecraft:total_world_time":2514,"minecraft:fall_one_cm":753,"minecraft:fly_one_cm":1137},"minecraft:mined":{"minecraft:large_fern":3,"minecraft:fire":30,"minecraft:spruce_log":2,"minecraft:spruce_leaves":18,"minecraft:dead_bush":1},"minecraft:picked_up":{"minecraft:stick":3,"minecraft:spruce_log":1}},"DataVersion":3700}