{"stats":{"minecraft:picked_up":{"minecraft:stick":3,"minecraft:brown_mushroom":1,"minecraft:spruce_log":1},"minecraft:custom":{"minecraft:time_since_rest":29843,"minecraft:crouch_one_cm":317,"minecraft:play_time":32013,"minecraft:sprint_one_cm":16136,"minecraft:walk_one_cm":23305,"minecraft:damage_taken":456,"minecraft:deaths":1,"minecraft:sneak_time":297,"minecraft:walk_under_water_one_cm":247,"minecraft:jump":118,"minecraft:damage_dealt":314,"minecraft:leave_game":5,"minecraft:walk_on_water_one_cm":1334,"minecraft:time_since_death":29809,"minecraft:total_world_time":32013,"minecraft:fall_one_cm":1649,"minecraft:fly_one_cm":22061,"minecraft:player_kills":2},"minecraft:mined":{"minecraft:large_fern":3,"minecraft:dead_bush":1,"minecraft:fire":37,"minecraft:spruce_log":2,"minecraft:spruce_leaves":18}},"DataVersion":3700}