{"stats":{"minecraft:picked_up":{"minecraft:stick":3,"minecraft:spruce_log":1},"minecraft:custom":{"minecraft:jump":66,"minecraft:time_since_rest":23690,"minecraft:damage_taken":456,"minecraft:play_time":25860,"minecraft:walk_one_cm":17602,"minecraft:leave_game":2,"minecraft:sprint_one_cm":16136,"minecraft:time_since_death":23656,"minecraft:deaths":1,"minecraft:sneak_time":172,"minecraft:total_world_time":25860,"minecraft:walk_under_water_one_cm":247,"minecraft:fall_one_cm":1649,"minecraft:fly_one_cm":8511,"minecraft:damage_dealt":46,"minecraft:walk_on_water_one_cm":1334,"minecraft:crouch_one_cm":238},"minecraft:mined":{"minecraft:large_fern":3,"minecraft:fire":37,"minecraft:spruce_leaves":18,"minecraft:spruce_log":2,"minecraft:dead_bush":1}},"DataVersion":3700}